timestamp_utc,probe,notes,frequency_hz,rf_setting_pct,rf_power_raw,sample_count,forward_mean_v,forward_std_v,forward_min_v,forward_max_v,forward_zero_v,forward_net_v,forward_raw_samples,forward_range_mv_samples,reverse_mean_v,po_raw,swr_raw,alc_raw,vd_raw,id_raw,capture_seconds,current_mean_v,current_std_v,current_min_v,current_max_v,current_raw_samples,current_range_mv_samples,master_mean_w,master_std_w,master_valid_samples,alignment_usable,master_calibration_frequency_hz,paired_samples
2026-10-06T18:11:15.868237+00:00,a0_master,"A0 master / A2 alignment; 50 ohms, no scope",7100000,0,255,3,0.0017239666666666667,0.001155389502866169,0.0003906,0.0024297,0.0017239666666666667,0,"[301, 311, 50]","[256, 256, 256]",0.0017239666666666667,,,,,,,-0.0002526,0.00028062111467243517,-0.0004375,7.03e-05,"[-56, -50, 9]","[256, 256, 256]",,,0,False,7031670,"[{""timestamp_utc"":""2026-10-06T18:11:14.113206+00:00"",""forward_v"":0.0023516,""current_v"":-0.0004375,""forward_raw"":301,""current_raw"":-56,""forward_range_mv"":256,""current_range_mv"":256,""reverse_v"":0.002375,""master_w"":null,""master_valid"":false,""master_quality"":""outside_calibrated_range"",""master_calibration_frequency_hz"":7031670},{""timestamp_utc"":""2026-10-06T18:11:15.242916+00:00"",""forward_v"":0.0024297,""current_v"":-0.0003906,""forward_raw"":311,""current_raw"":-50,""forward_range_mv"":256,""current_range_mv"":256,""reverse_v"":0.0024453,""master_w"":null,""master_valid"":false,""master_quality"":""outside_calibrated_range"",""master_calibration_frequency_hz"":7031670},{""timestamp_utc"":""2026-10-06T18:11:15.866500+00:00"",""forward_v"":0.0003906,""current_v"":7.03e-05,""forward_raw"":50,""current_raw"":9,""forward_range_mv"":256,""current_range_mv"":256,""reverse_v"":0.0003516,""master_w"":null,""master_valid"":false,""master_quality"":""outside_calibrated_range"",""master_calibration_frequency_hz"":7031670}]"
2026-10-06T18:11:19.284037+00:00,a0_master,"A0 master / A2 alignment; 50 ohms, no scope",7100000,1.0,3,3,0.04621093333333333,6.395571384429527e-05,0.0461406,0.0462656,0.0017239666666666667,0.04448696666666666,"[5922, 5917, 5906]","[256, 256, 256]",0.0029687666666666666,3,0,105,128,104,3.377,0.010630200000000001,1.6236994795835936e-05,0.0106172,0.0106484,"[1359, 1360, 1363]","[256, 256, 256]",,,0,False,7031670,"[{""timestamp_utc"":""2026-10-06T18:11:17.405002+00:00"",""forward_v"":0.0462656,""current_v"":0.0106172,""forward_raw"":5922,""current_raw"":1359,""forward_range_mv"":256,""current_range_mv"":256,""reverse_v"":0.0029219,""master_w"":null,""master_valid"":false,""master_quality"":""outside_calibrated_range"",""master_calibration_frequency_hz"":7031670},{""timestamp_utc"":""2026-10-06T18:11:18.544612+00:00"",""forward_v"":0.0462266,""current_v"":0.010625,""forward_raw"":5917,""current_raw"":1360,""forward_range_mv"":256,""current_range_mv"":256,""reverse_v"":0.0030156,""master_w"":null,""master_valid"":false,""master_quality"":""outside_calibrated_range"",""master_calibration_frequency_hz"":7031670},{""timestamp_utc"":""2026-10-06T18:11:19.162546+00:00"",""forward_v"":0.0461406,""current_v"":0.0106484,""forward_raw"":5906,""current_raw"":1363,""forward_range_mv"":256,""current_range_mv"":256,""reverse_v"":0.0029688,""master_w"":null,""master_valid"":false,""master_quality"":""outside_calibrated_range"",""master_calibration_frequency_hz"":7031670}]"
2026-10-06T18:11:27.632453+00:00,a0_master,"A0 master / A2 alignment; 50 ohms, no scope",7100000,2.0,5,3,0.07464843333333333,5.119378217453336e-05,0.0745938,0.0746953,0.0017239666666666667,0.07292446666666666,"[9548, 9561, 9556]","[256, 256, 256]",0.003148433333333333,4,0,101,128,106,3.309,0.019713566666666668,2.2574395525314508e-05,0.0196875,0.0197266,"[2525, 2520, 2525]","[256, 256, 256]",1.4943,0.0006557438524301279,3,True,7031670,"[{""timestamp_utc"":""2026-10-06T18:11:25.741053+00:00"",""forward_v"":0.0745938,""current_v"":0.0197266,""forward_raw"":9548,""current_raw"":2525,""forward_range_mv"":256,""current_range_mv"":256,""reverse_v"":0.0030781,""master_w"":1.4936,""master_valid"":true,""master_quality"":""provisional"",""master_calibration_frequency_hz"":7031670},{""timestamp_utc"":""2026-10-06T18:11:26.878349+00:00"",""forward_v"":0.0746953,""current_v"":0.0196875,""forward_raw"":9561,""current_raw"":2520,""forward_range_mv"":256,""current_range_mv"":256,""reverse_v"":0.0031719,""master_w"":1.4949,""master_valid"":true,""master_quality"":""provisional"",""master_calibration_frequency_hz"":7031670},{""timestamp_utc"":""2026-10-06T18:11:27.510097+00:00"",""forward_v"":0.0746562,""current_v"":0.0197266,""forward_raw"":9556,""current_raw"":2525,""forward_range_mv"":256,""current_range_mv"":256,""reverse_v"":0.0031953,""master_w"":1.4944,""master_valid"":true,""master_quality"":""provisional"",""master_calibration_frequency_hz"":7031670}]"
2026-10-06T18:11:35.942753+00:00,a0_master,"A0 master / A2 alignment; 50 ohms, no scope",7100000,3.0,8,3,0.12572916666666667,0.00014517814344223277,0.1255625,0.1258281,0.0017239666666666667,0.12400520000000001,"[16102, 16072, 16106]","[256, 256, 256]",0.003294266666666667,8,0,95,126,109,3.271,0.0394948,1.9629569531702718e-05,0.0394766,0.0395156,"[5053, 5058, 5055]","[256, 256, 256]",2.1047000000000002,0.0017435595774163322,3,True,7031670,"[{""timestamp_utc"":""2026-10-06T18:11:34.083341+00:00"",""forward_v"":0.1257969,""current_v"":0.0394766,""forward_raw"":16102,""current_raw"":5053,""forward_range_mv"":256,""current_range_mv"":256,""reverse_v"":0.0033203,""master_w"":2.1055,""master_valid"":true,""master_quality"":""provisional"",""master_calibration_frequency_hz"":7031670},{""timestamp_utc"":""2026-10-06T18:11:35.186633+00:00"",""forward_v"":0.1255625,""current_v"":0.0395156,""forward_raw"":16072,""current_raw"":5058,""forward_range_mv"":256,""current_range_mv"":256,""reverse_v"":0.0032266,""master_w"":2.1027,""master_valid"":true,""master_quality"":""provisional"",""master_calibration_frequency_hz"":7031670},{""timestamp_utc"":""2026-10-06T18:11:35.821012+00:00"",""forward_v"":0.1258281,""current_v"":0.0394922,""forward_raw"":16106,""current_raw"":5055,""forward_range_mv"":256,""current_range_mv"":256,""reverse_v"":0.0033359,""master_w"":2.1059,""master_valid"":true,""master_quality"":""provisional"",""master_calibration_frequency_hz"":7031670}]"
2026-10-06T18:11:44.312901+00:00,a0_master,"A0 master / A2 alignment; 50 ohms, no scope",7100000,4.0,10,3,0.16535156666666667,5.120139972045182e-05,0.1652969,0.1653984,0.0017239666666666667,0.1636276,"[21158, 21166, 21171]","[256, 256, 256]",0.0035286666666666665,11,0,93,124,111,3.33,0.05696093333333333,6.395571384429527e-05,0.0568906,0.0570156,"[7293, 7298, 7282]","[256, 256, 256]",2.5869,0.0006557438524302633,3,True,7031670,"[{""timestamp_utc"":""2026-10-06T18:11:42.429141+00:00"",""forward_v"":0.1652969,""current_v"":0.0569766,""forward_raw"":21158,""current_raw"":7293,""forward_range_mv"":256,""current_range_mv"":256,""reverse_v"":0.0035,""master_w"":2.5862,""master_valid"":true,""master_quality"":""provisional"",""master_calibration_frequency_hz"":7031670},{""timestamp_utc"":""2026-10-06T18:11:43.561364+00:00"",""forward_v"":0.1653594,""current_v"":0.0570156,""forward_raw"":21166,""current_raw"":7298,""forward_range_mv"":256,""current_range_mv"":256,""reverse_v"":0.0035469,""master_w"":2.587,""master_valid"":true,""master_quality"":""provisional"",""master_calibration_frequency_hz"":7031670},{""timestamp_utc"":""2026-10-06T18:11:44.190763+00:00"",""forward_v"":0.1653984,""current_v"":0.0568906,""forward_raw"":21171,""current_raw"":7282,""forward_range_mv"":256,""current_range_mv"":256,""reverse_v"":0.0035391,""master_w"":2.5875,""master_valid"":true,""master_quality"":""provisional"",""master_calibration_frequency_hz"":7031670}]"
2026-10-06T18:11:52.768794+00:00,a0_master,"A0 master / A2 alignment; 50 ohms, no scope",7100000,5.0,13,3,0.22692706666666665,3.253003740134701e-05,0.2268906,0.2269531,0.0017239666666666667,0.2252031,"[14521, 14524, 14525]","[512, 512, 512]",0.0036979,17,0,88,123,115,3.416,0.08654946666666667,3.157694306505199e-05,0.0865156,0.0865781,"[11074, 11079, 11082]","[256, 256, 256]",3.726366666666667,0.0006806859285554166,3,True,7031670,"[{""timestamp_utc"":""2026-10-06T18:11:50.900141+00:00"",""forward_v"":0.2268906,""current_v"":0.0865156,""forward_raw"":14521,""current_raw"":11074,""forward_range_mv"":512,""current_range_mv"":256,""reverse_v"":0.0036953,""master_w"":3.7256,""master_valid"":true,""master_quality"":""provisional"",""master_calibration_frequency_hz"":7031670},{""timestamp_utc"":""2026-10-06T18:11:52.015606+00:00"",""forward_v"":0.2269375,""current_v"":0.0865547,""forward_raw"":14524,""current_raw"":11079,""forward_range_mv"":512,""current_range_mv"":256,""reverse_v"":0.0036875,""master_w"":3.7266,""master_valid"":true,""master_quality"":""provisional"",""master_calibration_frequency_hz"":7031670},{""timestamp_utc"":""2026-10-06T18:11:52.647557+00:00"",""forward_v"":0.2269531,""current_v"":0.0865781,""forward_raw"":14525,""current_raw"":11082,""forward_range_mv"":512,""current_range_mv"":256,""reverse_v"":0.0037109,""master_w"":3.7269,""master_valid"":true,""master_quality"":""provisional"",""master_calibration_frequency_hz"":7031670}]"
2026-10-06T18:12:00.961238+00:00,a0_master,"A0 master / A2 alignment; 50 ohms, no scope",7100000,10.0,26,3,0.5479062333333333,0.00023595881702813542,0.5476562,0.548125,0.0017239666666666667,0.5461822666666667,"[17525, 17534, 17540]","[1024, 1024, 1024]",0.0050469,44,0,88,116,133,3.152,0.24301563333333334,0.00036036656800172203,0.2426719,0.2433906,"[15531, 15551, 15577]","[512, 512, 512]",10.410466666666666,0.004880915214724263,3,True,7031670,"[{""timestamp_utc"":""2026-10-06T18:11:59.099008+00:00"",""forward_v"":0.5476562,""current_v"":0.2426719,""forward_raw"":17525,""current_raw"":15531,""forward_range_mv"":1024,""current_range_mv"":512,""reverse_v"":0.0050313,""master_w"":10.4053,""master_valid"":true,""master_quality"":""provisional"",""master_calibration_frequency_hz"":7031670},{""timestamp_utc"":""2026-10-06T18:11:59.738113+00:00"",""forward_v"":0.5479375,""current_v"":0.2429844,""forward_raw"":17534,""current_raw"":15551,""forward_range_mv"":1024,""current_range_mv"":512,""reverse_v"":0.0050391,""master_w"":10.4111,""master_valid"":true,""master_quality"":""provisional"",""master_calibration_frequency_hz"":7031670},{""timestamp_utc"":""2026-10-06T18:12:00.842749+00:00"",""forward_v"":0.548125,""current_v"":0.2433906,""forward_raw"":17540,""current_raw"":15577,""forward_range_mv"":1024,""current_range_mv"":512,""reverse_v"":0.0050703,""master_w"":10.415,""master_valid"":true,""master_quality"":""provisional"",""master_calibration_frequency_hz"":7031670}]"
2026-10-06T18:12:09.855275+00:00,a0_master,"A0 master / A2 alignment; 50 ohms, no scope",7100000,15.0,38,3,0.6511354,7.861761889045348e-05,0.6510625,0.6512187,0.0017239666666666667,0.6494114333333334,"[20834, 20836, 20839]","[1024, 1024, 1024]",0.005401066666666667,54,0,92,114,139,3.854,0.28175,0.00034370000000000234,0.2814063,0.2820937,"[18010, 18032, 18054]","[512, 512, 512]",12.822733333333334,0.0018610033136278476,3,True,7031670,"[{""timestamp_utc"":""2026-10-06T18:12:07.947132+00:00"",""forward_v"":0.6510625,""current_v"":0.2814063,""forward_raw"":20834,""current_raw"":18010,""forward_range_mv"":1024,""current_range_mv"":512,""reverse_v"":0.0054219,""master_w"":12.821,""master_valid"":true,""master_quality"":""provisional"",""master_calibration_frequency_hz"":7031670},{""timestamp_utc"":""2026-10-06T18:12:08.582724+00:00"",""forward_v"":0.651125,""current_v"":0.28175,""forward_raw"":20836,""current_raw"":18032,""forward_range_mv"":1024,""current_range_mv"":512,""reverse_v"":0.0053438,""master_w"":12.8225,""master_valid"":true,""master_quality"":""provisional"",""master_calibration_frequency_hz"":7031670},{""timestamp_utc"":""2026-10-06T18:12:09.733986+00:00"",""forward_v"":0.6512187,""current_v"":0.2820937,""forward_raw"":20839,""current_raw"":18054,""forward_range_mv"":1024,""current_range_mv"":512,""reverse_v"":0.0054375,""master_w"":12.8247,""master_valid"":true,""master_quality"":""provisional"",""master_calibration_frequency_hz"":7031670}]"
2026-10-06T18:12:18.419839+00:00,a0_master,"A0 master / A2 alignment; 50 ohms, no scope",7100000,20.0,51,3,0.7783020666666667,9.545943291962239e-05,0.7782187,0.7784062,0.0017239666666666667,0.7765781,"[24903, 24905, 24909]","[1024, 1024, 1024]",0.006018233333333334,67,0,94,111,146,3.524,0.3216979,0.0003828264881117704,0.3213125,0.3220781,"[20564, 20589, 20613]","[512, 512, 512]",16.678633333333334,0.0030005555041247426,3,True,7031670,"[{""timestamp_utc"":""2026-10-06T18:12:16.872226+00:00"",""forward_v"":0.7782187,""current_v"":0.3213125,""forward_raw"":24903,""current_raw"":20564,""forward_range_mv"":1024,""current_range_mv"":512,""reverse_v"":0.0059922,""master_w"":16.676,""master_valid"":true,""master_quality"":""provisional"",""master_calibration_frequency_hz"":7031670},{""timestamp_utc"":""2026-10-06T18:12:17.496616+00:00"",""forward_v"":0.7782813,""current_v"":0.3217031,""forward_raw"":24905,""current_raw"":20589,""forward_range_mv"":1024,""current_range_mv"":512,""reverse_v"":0.0060156,""master_w"":16.678,""master_valid"":true,""master_quality"":""provisional"",""master_calibration_frequency_hz"":7031670},{""timestamp_utc"":""2026-10-06T18:12:18.298287+00:00"",""forward_v"":0.7784062,""current_v"":0.3220781,""forward_raw"":24909,""current_raw"":20613,""forward_range_mv"":1024,""current_range_mv"":512,""reverse_v"":0.0060469,""master_w"":16.6819,""master_valid"":true,""master_quality"":""provisional"",""master_calibration_frequency_hz"":7031670}]"
2026-10-06T18:12:26.663922+00:00,a0_master,"A0 master / A2 alignment; 50 ohms, no scope",7100000,30.0,76,3,1.0284583333333333,3.608439182439571e-05,1.0284375,1.0285,0.0017239666666666667,1.0267343666666666,"[16455, 16455, 16456]","[2048, 2048, 2048]",0.0070625,92,0,104,106,160,3.204,0.3851875,0.0008476431029625392,0.3843906,0.3860781,"[24601, 24646, 24709]","[512, 512, 512]",25.1425,0.0012124355652974395,3,True,7031670,"[{""timestamp_utc"":""2026-10-06T18:12:24.768676+00:00"",""forward_v"":1.0284375,""current_v"":0.3843906,""forward_raw"":16455,""current_raw"":24601,""forward_range_mv"":2048,""current_range_mv"":512,""reverse_v"":0.0070469,""master_w"":25.1418,""master_valid"":true,""master_quality"":""provisional"",""master_calibration_frequency_hz"":7031670},{""timestamp_utc"":""2026-10-06T18:12:25.391121+00:00"",""forward_v"":1.0284375,""current_v"":0.3850938,""forward_raw"":16455,""current_raw"":24646,""forward_range_mv"":2048,""current_range_mv"":512,""reverse_v"":0.0070625,""master_w"":25.1418,""master_valid"":true,""master_quality"":""provisional"",""master_calibration_frequency_hz"":7031670},{""timestamp_utc"":""2026-10-06T18:12:26.544046+00:00"",""forward_v"":1.0285,""current_v"":0.3860781,""forward_raw"":16456,""current_raw"":24709,""forward_range_mv"":2048,""current_range_mv"":512,""reverse_v"":0.0070781,""master_w"":25.1439,""master_valid"":true,""master_quality"":""provisional"",""master_calibration_frequency_hz"":7031670}]"
2026-10-06T18:12:35.538187+00:00,a0_master,"A0 master / A2 alignment; 50 ohms, no scope",7100000,40.0,102,3,1.2725625,0.00010825317547293074,1.2724375,1.272625,0.0017239666666666667,1.2708385333333334,"[20362, 20359, 20362]","[2048, 2048, 2048]",0.008174466666666666,117,0,108,100,174,3.835,0.43604166666666666,0.0008305009171176953,0.43525,0.4369062,"[13928, 13951, 13981]","[1024, 1024, 1024]",35.7654,0.004849742261193861,3,True,7031670,"[{""timestamp_utc"":""2026-10-06T18:12:33.628697+00:00"",""forward_v"":1.272625,""current_v"":0.43525,""forward_raw"":20362,""current_raw"":13928,""forward_range_mv"":2048,""current_range_mv"":1024,""reverse_v"":0.0081406,""master_w"":35.7682,""master_valid"":true,""master_quality"":""provisional"",""master_calibration_frequency_hz"":7031670},{""timestamp_utc"":""2026-10-06T18:12:34.268639+00:00"",""forward_v"":1.2724375,""current_v"":0.4359688,""forward_raw"":20359,""current_raw"":13951,""forward_range_mv"":2048,""current_range_mv"":1024,""reverse_v"":0.0081875,""master_w"":35.7598,""master_valid"":true,""master_quality"":""provisional"",""master_calibration_frequency_hz"":7031670},{""timestamp_utc"":""2026-10-06T18:12:35.415282+00:00"",""forward_v"":1.272625,""current_v"":0.4369062,""forward_raw"":20362,""current_raw"":13981,""forward_range_mv"":2048,""current_range_mv"":1024,""reverse_v"":0.0081953,""master_w"":35.7682,""master_valid"":true,""master_quality"":""provisional"",""master_calibration_frequency_hz"":7031670}]"
2026-10-06T18:12:44.104213+00:00,a0_master,"A0 master / A2 alignment; 50 ohms, no scope",7100000,50.0,128,3,1.5285,0.0003903123748997902,1.5280625,1.5288125,0.0017239666666666667,1.5267760333333333,"[24461, 24458, 24449]","[2048, 2048, 2048]",0.009265599999999999,143,0,111,95,188,3.526,0.47960416666666666,0.0011614466553972146,0.4783125,0.4805625,"[15306, 15358, 15378]","[1024, 1024, 1024]",47.2225,0.017485994395515153,3,True,7031670,"[{""timestamp_utc"":""2026-10-06T18:12:42.212852+00:00"",""forward_v"":1.5288125,""current_v"":0.4783125,""forward_raw"":24461,""current_raw"":15306,""forward_range_mv"":2048,""current_range_mv"":1024,""reverse_v"":0.0092734,""master_w"":47.2365,""master_valid"":true,""master_quality"":""provisional"",""master_calibration_frequency_hz"":7031670},{""timestamp_utc"":""2026-10-06T18:12:43.351422+00:00"",""forward_v"":1.528625,""current_v"":0.4799375,""forward_raw"":24458,""current_raw"":15358,""forward_range_mv"":2048,""current_range_mv"":1024,""reverse_v"":0.0093359,""master_w"":47.2281,""master_valid"":true,""master_quality"":""provisional"",""master_calibration_frequency_hz"":7031670},{""timestamp_utc"":""2026-10-06T18:12:43.984176+00:00"",""forward_v"":1.5280625,""current_v"":0.4805625,""forward_raw"":24449,""current_raw"":15378,""forward_range_mv"":2048,""current_range_mv"":1024,""reverse_v"":0.0091875,""master_w"":47.2029,""master_valid"":true,""master_quality"":""provisional"",""master_calibration_frequency_hz"":7031670}]"
2026-10-06T18:12:52.304576+00:00,a0_master,"A0 master / A2 alignment; 50 ohms, no scope",7100000,60.0,153,3,1.6900416666666667,0.0002886751345947811,1.689875,1.690375,0.0017239666666666667,1.6883177,"[13523, 13519, 13519]","[4096, 4096, 4096]",0.009953133333333334,159,0,110,91,197,3.16,0.5028229333333334,0.0014091442450414138,0.5014688,0.5042813,"[16047, 16087, 16137]","[1024, 1024, 1024]",55.46693333333334,0.015299782133524295,3,True,7031670,"[{""timestamp_utc"":""2026-10-06T18:12:50.426128+00:00"",""forward_v"":1.690375,""current_v"":0.5014688,""forward_raw"":13523,""current_raw"":16047,""forward_range_mv"":4096,""current_range_mv"":1024,""reverse_v"":0.0099297,""master_w"":55.4846,""master_valid"":true,""master_quality"":""provisional"",""master_calibration_frequency_hz"":7031670},{""timestamp_utc"":""2026-10-06T18:12:51.054173+00:00"",""forward_v"":1.689875,""current_v"":0.5027187,""forward_raw"":13519,""current_raw"":16087,""forward_range_mv"":4096,""current_range_mv"":1024,""reverse_v"":0.0099219,""master_w"":55.4581,""master_valid"":true,""master_quality"":""provisional"",""master_calibration_frequency_hz"":7031670},{""timestamp_utc"":""2026-10-06T18:12:52.183821+00:00"",""forward_v"":1.689875,""current_v"":0.5042813,""forward_raw"":13519,""current_raw"":16137,""forward_range_mv"":4096,""current_range_mv"":1024,""reverse_v"":0.0100078,""master_w"":55.4581,""master_valid"":true,""master_quality"":""provisional"",""master_calibration_frequency_hz"":7031670}]"
2026-10-06T18:13:01.134991+00:00,a0_master,"A0 master / A2 alignment; 50 ohms, no scope",7100000,70.0,178,3,1.8509583333333333,0.0002886751345947811,1.850625,1.851125,0.0017239666666666667,1.8492343666666666,"[14809, 14809, 14805]","[4096, 4096, 4096]",0.010726566666666666,175,0,107,88,205,3.79,0.5253541666666667,0.0012360119430383334,0.5241562,0.526625,"[16773, 16809, 16852]","[1024, 1024, 1024]",65.05926666666666,0.017897858344873608,3,True,7031670,"[{""timestamp_utc"":""2026-10-06T18:12:59.244534+00:00"",""forward_v"":1.851125,""current_v"":0.5241562,""forward_raw"":14809,""current_raw"":16773,""forward_range_mv"":4096,""current_range_mv"":1024,""reverse_v"":0.0107266,""master_w"":65.0696,""master_valid"":true,""master_quality"":""provisional"",""master_calibration_frequency_hz"":7031670},{""timestamp_utc"":""2026-10-06T18:12:59.877354+00:00"",""forward_v"":1.851125,""current_v"":0.5252813,""forward_raw"":14809,""current_raw"":16809,""forward_range_mv"":4096,""current_range_mv"":1024,""reverse_v"":0.0106875,""master_w"":65.0696,""master_valid"":true,""master_quality"":""provisional"",""master_calibration_frequency_hz"":7031670},{""timestamp_utc"":""2026-10-06T18:13:01.013839+00:00"",""forward_v"":1.850625,""current_v"":0.526625,""forward_raw"":14805,""current_raw"":16852,""forward_range_mv"":4096,""current_range_mv"":1024,""reverse_v"":0.0107656,""master_w"":65.0386,""master_valid"":true,""master_quality"":""provisional"",""master_calibration_frequency_hz"":7031670}]"
2026-10-06T18:13:09.941321+00:00,a0_master,"A0 master / A2 alignment; 50 ohms, no scope",7100000,80.0,204,3,1.9994583333333333,0.00019094065395650864,1.99925,1.999625,0.0017239666666666667,1.9977343666666667,"[15997, 15996, 15994]","[4096, 4096, 4096]",0.011544266666666667,190,0,105,86,212,3.767,0.543625,0.0013169567191065896,0.542375,0.545,"[17356, 17392, 17440]","[1024, 1024, 1024]",74.07436666666666,0.011511009223055889,3,True,7031670,"[{""timestamp_utc"":""2026-10-06T18:13:08.047635+00:00"",""forward_v"":1.999625,""current_v"":0.542375,""forward_raw"":15997,""current_raw"":17356,""forward_range_mv"":4096,""current_range_mv"":1024,""reverse_v"":0.0115078,""master_w"":74.0844,""master_valid"":true,""master_quality"":""provisional"",""master_calibration_frequency_hz"":7031670},{""timestamp_utc"":""2026-10-06T18:13:08.680138+00:00"",""forward_v"":1.9995,""current_v"":0.5435,""forward_raw"":15996,""current_raw"":17392,""forward_range_mv"":4096,""current_range_mv"":1024,""reverse_v"":0.0115234,""master_w"":74.0769,""master_valid"":true,""master_quality"":""provisional"",""master_calibration_frequency_hz"":7031670},{""timestamp_utc"":""2026-10-06T18:13:09.819930+00:00"",""forward_v"":1.99925,""current_v"":0.545,""forward_raw"":15994,""current_raw"":17440,""forward_range_mv"":4096,""current_range_mv"":1024,""reverse_v"":0.0116016,""master_w"":74.0618,""master_valid"":true,""master_quality"":""provisional"",""master_calibration_frequency_hz"":7031670}]"
2026-10-06T18:13:18.463050+00:00,a0_master,"A0 master / A2 alignment; 50 ohms, no scope",7100000,90.0,230,3,2.131,0.0013228756555322336,2.13,2.1325,0.0017239666666666667,2.129276033333333,"[17060, 17044, 17040]","[4096, 4096, 4096]",0.0121224,202,0,102,82,218,3.482,0.5584374666666667,0.0014344603735667702,0.5568437,0.559625,"[17819, 17883, 17908]","[1024, 1024, 1024]",83.0575,0.09303596078936094,3,True,7031670,"[{""timestamp_utc"":""2026-10-06T18:13:16.565151+00:00"",""forward_v"":2.1325,""current_v"":0.5568437,""forward_raw"":17060,""current_raw"":17819,""forward_range_mv"":4096,""current_range_mv"":1024,""reverse_v"":0.0120938,""master_w"":83.163,""master_valid"":true,""master_quality"":""provisional"",""master_calibration_frequency_hz"":7031670},{""timestamp_utc"":""2026-10-06T18:13:17.701360+00:00"",""forward_v"":2.1305,""current_v"":0.5588437,""forward_raw"":17044,""current_raw"":17883,""forward_range_mv"":4096,""current_range_mv"":1024,""reverse_v"":0.0121328,""master_w"":83.0223,""master_valid"":true,""master_quality"":""provisional"",""master_calibration_frequency_hz"":7031670},{""timestamp_utc"":""2026-10-06T18:13:18.342004+00:00"",""forward_v"":2.13,""current_v"":0.559625,""forward_raw"":17040,""current_raw"":17908,""forward_range_mv"":4096,""current_range_mv"":1024,""reverse_v"":0.0121406,""master_w"":82.9872,""master_valid"":true,""master_quality"":""provisional"",""master_calibration_frequency_hz"":7031670}]"
2026-10-06T18:13:26.639499+00:00,a0_master,"A0 master / A2 alignment; 50 ohms, no scope",7100000,100.0,255,3,2.1392083333333334,0.003460340782832421,2.136,2.142875,0.0017239666666666667,2.1374843666666665,"[17143, 17110, 17088]","[4096, 4096, 4096]",0.0120547,203,0,104,82,218,3.136,0.5586041666666667,0.0013471546026100417,0.5574062,0.5600625,"[17837, 17867, 17922]","[1024, 1024, 1024]",83.63483333333333,0.24335632996356413,3,True,7031670,"[{""timestamp_utc"":""2026-10-06T18:13:24.778350+00:00"",""forward_v"":2.142875,""current_v"":0.5574062,""forward_raw"":17143,""current_raw"":17837,""forward_range_mv"":4096,""current_range_mv"":1024,""reverse_v"":0.0120469,""master_w"":83.8927,""master_valid"":true,""master_quality"":""provisional"",""master_calibration_frequency_hz"":7031670},{""timestamp_utc"":""2026-10-06T18:13:25.407159+00:00"",""forward_v"":2.13875,""current_v"":0.5583438,""forward_raw"":17110,""current_raw"":17867,""forward_range_mv"":4096,""current_range_mv"":1024,""reverse_v"":0.0119844,""master_w"":83.6026,""master_valid"":true,""master_quality"":""provisional"",""master_calibration_frequency_hz"":7031670},{""timestamp_utc"":""2026-10-06T18:13:26.517726+00:00"",""forward_v"":2.136,""current_v"":0.5600625,""forward_raw"":17088,""current_raw"":17922,""forward_range_mv"":4096,""current_range_mv"":1024,""reverse_v"":0.0121328,""master_w"":83.4092,""master_valid"":true,""master_quality"":""provisional"",""master_calibration_frequency_hz"":7031670}]"
