timestamp_utc,frequency_hz,rf_setting_pct,rf_power_raw,scope_rms_v,scope_vpp_v,scope_frequency_hz,reference_w,load_ohms,load_w,reverse_reference_w,forward_v,reverse_v,forward_range_mv,reverse_range_mv,forward_raw,reverse_raw,po_raw,swr_raw,alc_raw,vd_raw,id_raw,capture_seconds,scope_tdiv_s,scope_vdiv_v,timebase_factor,scope_vpp_divisions,rms_vpp_ratio
2026-10-06T07:35:40.430681+00:00,7100000,1.0,3,8.03,23.2,7090000.0,1.3456000000000001,50,1.3456000000000001,0.0,0.0036953,0.0528516,256,256,473,6765,3,0,105,127,105,2.088,5e-08,10.0,0.5,2.32,0.9789771470565477
2026-10-06T07:35:48.662522+00:00,7100000,1.0,3,8.03,23.2,7100000.0,1.3456000000000001,50,1.3456000000000001,0.0,0.0037344,0.0529922,256,256,478,6783,3,0,105,128,105,2.142,1e-07,10.0,1.0,2.32,0.9789771470565477
2026-10-06T07:35:56.684911+00:00,7100000,1.0,3,8.04,23.2,7100000.0,1.3456000000000001,50,1.3456000000000001,0.0,0.0037266,0.0532109,256,256,477,6811,3,0,105,127,104,1.956,2e-07,10.0,2.0,2.32,0.9801962966792831
2026-10-06T07:36:04.930628+00:00,7100000,2.0,5,9.14,26.4,7090000.0,1.7423999999999997,50,1.7423999999999997,0.0,0.0038906,0.0830313,256,256,498,10628,4,0,101,126,106,2.177,5e-08,10.0,0.5,2.6399999999999997,0.9792357545522796
2026-10-06T07:36:14.315566+00:00,7100000,2.0,5,9.16,26.4,7090000.0,1.7423999999999997,50,1.7423999999999997,0.0,0.0039922,0.0831875,256,256,511,10648,4,0,101,128,107,3.319,1e-07,10.0,1.0,2.6399999999999997,0.981378502374057
2026-10-06T07:36:22.987189+00:00,7100000,2.0,5,9.15,26.4,7100000.0,1.7423999999999997,50,1.7423999999999997,0.0,0.0038125,0.0825859,256,256,488,10571,4,0,101,127,107,2.512,2e-07,10.0,2.0,2.6399999999999997,0.9803071284631683
2026-10-06T07:36:31.047528+00:00,7100000,3.0,8,10.8,31.2,7090000.0,2.4335999999999998,50,2.4335999999999998,0.0,0.0042188,0.1355234,256,256,540,17347,7,0,95,126,110,1.984,5e-08,10.0,0.5,3.12,0.9790709277967583
2026-10-06T07:36:39.487796+00:00,7100000,3.0,8,10.9,31.2,7100000.0,2.4335999999999998,50,2.4335999999999998,0.0,0.0042734,0.1363984,256,256,547,17459,7,0,95,125,110,2.302,1e-07,10.0,1.0,3.12,0.988136399350432
2026-10-06T07:36:47.604074+00:00,7100000,3.0,8,10.9,31.2,7100000.0,2.4335999999999998,50,2.4335999999999998,0.0,0.0044766,0.1369063,256,256,573,17524,7,0,95,125,110,2.038,2e-07,10.0,2.0,3.12,0.988136399350432
2026-10-06T07:36:57.512608+00:00,7100000,5.0,13,14.0,40.0,7100000.0,4.0,50,4.0,0.0,0.0049297,0.2390781,256,512,631,15301,16,0,89,123,116,3.311,5e-08,10.0,0.5,4.0,0.9899494936611666
2026-10-06T07:37:05.920289+00:00,7100000,5.0,13,14.0,39.6,7100000.0,3.9204000000000003,50,3.9204000000000003,0.0,0.0049141,0.2391562,256,512,629,15306,17,0,89,123,116,2.315,1e-07,10.0,1.0,3.96,0.9999489834961278
2026-10-06T07:37:14.148897+00:00,7100000,5.0,13,14.0,39.6,7100000.0,3.9204000000000003,50,3.9204000000000003,0.0,0.0048906,0.2390469,256,512,626,15299,16,0,89,123,116,2.04,2e-07,10.0,2.0,3.96,0.9999489834961278
2026-10-06T07:37:22.256824+00:00,7100000,10.0,26,23.4,68.8,7090000.0,11.833599999999999,50,11.833599999999999,0.0,0.0065391,0.5622187,256,1024,837,17991,44,0,88,116,134,2.062,5e-08,20.0,0.5,3.44,0.9619941092886751
2026-10-06T07:37:30.607332+00:00,7100000,10.0,26,23.4,68.0,7100000.0,11.56,50,11.56,0.0,0.0066875,0.56275,256,1024,856,18008,44,0,88,116,134,2.186,1e-07,20.0,1.0,3.4,0.9733116870450125
2026-10-06T07:37:38.979507+00:00,7100000,10.0,26,23.3,68.0,7100000.0,11.56,50,11.56,0.0,0.0064609,0.561,256,1024,827,17952,44,0,88,116,134,2.154,2e-07,20.0,2.0,3.4,0.9691522353909742
2026-10-06T07:37:47.959607+00:00,7100000,15.0,38,26.3,76.8,7090000.0,14.7456,50,14.7456,0.0,0.0072813,0.6665313,256,1024,932,21329,54,0,92,113,140,2.738,5e-08,20.0,0.5,3.84,0.968588976312823
2026-10-06T07:37:56.401837+00:00,7100000,15.0,38,26.2,76.0,7100000.0,14.44,50,14.44,0.0,0.0068125,0.6642187,256,1024,872,21255,54,0,92,113,140,2.286,1e-07,20.0,1.0,3.8,0.9750630351098709
2026-10-06T07:38:04.598089+00:00,7100000,15.0,38,26.3,76.0,7100000.0,14.44,50,14.44,0.0,0.0070781,0.666,256,1024,906,21312,54,0,92,113,141,2.036,2e-07,20.0,2.0,3.8,0.9787846497476949
2026-10-06T07:38:12.740060+00:00,7100000,20.0,51,29.8,86.4,7120000.0,18.6624,50,18.6624,0.0,0.0078828,0.794,256,1024,1009,25408,67,0,95,111,148,2.016,5e-08,20.0,0.5,4.32,0.9755454666369962
2026-10-06T07:38:20.870683+00:00,7100000,20.0,51,29.8,85.6,7110000.0,18.318399999999997,50,18.318399999999997,0.0,0.0079688,0.7942813,256,1024,1020,25417,67,0,95,112,147,2.05,1e-07,20.0,1.0,4.279999999999999,0.9846627139887438
2026-10-06T07:38:29.097143+00:00,7100000,20.0,51,29.9,85.6,7100000.0,18.318399999999997,50,18.318399999999997,0.0,0.0078984,0.7943438,256,1024,1011,25419,67,0,95,112,148,2.096,2e-07,20.0,2.0,4.279999999999999,0.9879669512840081
2026-10-06T07:38:37.645214+00:00,7100000,30.0,76,36.7,110.0,7100000.0,30.25,50,30.25,0.0,0.0094141,1.045625,256,2048,1205,16730,93,0,104,106,162,2.164,5e-08,50.0,0.5,2.2,0.9436661407107744
2026-10-06T07:38:45.913006+00:00,7100000,30.0,76,36.7,108.0,7110000.0,29.16,50,29.16,0.0,0.0094141,1.045875,256,2048,1205,16734,92,0,104,106,162,2.094,1e-07,50.0,1.0,2.16,0.9611414396128258
2026-10-06T07:38:54.193584+00:00,7100000,30.0,76,36.8,108.0,7100000.0,29.16,50,29.16,0.0,0.0094219,1.04525,256,2048,1206,16724,93,0,104,105,162,2.184,2e-07,50.0,2.0,2.16,0.9637603536172202
2026-10-06T07:39:02.277639+00:00,7100000,40.0,102,43.5,126.0,7100000.0,39.69,50,39.69,0.0,0.0109609,1.2905,256,2048,1403,20648,117,0,109,100,177,2.036,5e-08,50.0,0.5,2.52,0.9764807930671372
2026-10-06T07:39:10.559708+00:00,7100000,40.0,102,43.6,126.0,7100000.0,39.69,50,39.69,0.0,0.0107812,1.28975,256,2048,1380,20636,117,0,108,100,176,2.158,1e-07,50.0,1.0,2.52,0.9787255764994754
2026-10-06T07:39:18.838063+00:00,7100000,40.0,102,43.5,126.0,7100000.0,39.69,50,39.69,0.0,0.0107812,1.2899375,256,2048,1380,20639,117,0,108,100,177,2.124,2e-07,50.0,2.0,2.52,0.9764807930671372
2026-10-06T07:39:26.990721+00:00,7100000,50.0,128,50.5,148.0,7100000.0,54.76,50,54.76,0.0,0.0125078,1.5465625,256,2048,1601,24745,143,0,111,95,191,2.018,5e-08,50.0,0.5,2.96,0.9651052013492069
2026-10-06T07:39:35.484767+00:00,7100000,50.0,128,50.4,146.0,7100000.0,53.29,50,53.29,0.0,0.0124141,1.5461875,256,2048,1589,24739,143,0,111,94,191,2.116,1e-07,50.0,1.0,2.92,0.9763885416932053
2026-10-06T07:39:43.615047+00:00,7100000,50.0,128,50.5,146.0,7100000.0,53.29,50,53.29,0.0,0.0123672,1.544875,256,2048,1583,24718,143,0,111,94,191,2.068,2e-07,50.0,2.0,2.92,0.9783258205457713
2026-10-06T07:39:51.807001+00:00,7100000,60.0,153,54.9,158.0,7090000.0,62.41,50,62.41,0.0,0.0129609,1.704625,256,4096,1659,13637,159,0,110,90,199,2.066,5e-08,50.0,0.5,3.16,0.9827889186618092
2026-10-06T07:40:00.297306+00:00,7100000,60.0,153,54.9,156.0,7100000.0,60.84,50,60.84,0.0,0.0132266,1.705625,256,4096,1693,13645,159,0,109,91,199,2.418,1e-07,50.0,1.0,3.12,0.9953887765933709
2026-10-06T07:40:09.297444+00:00,7100000,60.0,153,54.8,158.0,7100000.0,62.41,50,62.41,0.0,0.0131797,1.706,256,4096,1687,13648,159,0,109,91,199,2.702,2e-07,50.0,2.0,3.16,0.9809987749119697
2026-10-06T07:40:18.278514+00:00,7100000,70.0,178,59.3,172.0,7090000.0,73.96,50,73.96,0.0,0.0135625,1.863875,256,4096,1736,14911,175,0,108,86,207,2.429,5e-08,50.0,0.5,3.44,0.9751495842874945
2026-10-06T07:40:27.238228+00:00,7100000,70.0,178,59.2,170.0,7110000.0,72.25,50,72.25,0.0,0.0136953,1.864625,256,4096,1753,14917,175,0,107,86,207,2.72,1e-07,50.0,1.0,3.4,0.9849581516763204
2026-10-06T07:40:35.580539+00:00,7100000,70.0,178,59.3,170.0,7110000.0,72.25,50,72.25,0.0,0.0133437,1.86325,256,4096,1708,14906,175,0,107,86,207,2.166,2e-07,50.0,2.0,3.4,0.9866219323379357
2026-10-06T07:40:43.862796+00:00,7100000,80.0,204,62.9,182.0,7090000.0,82.81,50,82.81,0.0,0.0140391,1.998875,256,4096,1797,15991,189,0,106,84,214,2.081,5e-08,50.0,0.5,3.64,0.9775168469589856
2026-10-06T07:40:52.020296+00:00,7100000,80.0,204,63.0,182.0,7100000.0,82.81,50,82.81,0.0,0.0137266,1.997,256,4096,1757,15976,189,0,105,84,214,1.944,1e-07,50.0,1.0,3.64,0.9790709277967582
2026-10-06T07:41:00.428809+00:00,7100000,80.0,204,63.0,182.0,7100000.0,82.81,50,82.81,0.0,0.0135312,1.997,256,4096,1732,15976,189,0,105,83,214,2.318,2e-07,50.0,2.0,3.64,0.9790709277967582
2026-10-06T07:41:08.547044+00:00,7100000,90.0,230,65.5,190.0,7100000.0,90.25,50,90.25,0.0,0.0141875,2.08775,256,4096,1816,16702,198,0,105,82,218,1.998,5e-08,50.0,0.5,3.8,0.9750630351098709
2026-10-06T07:41:17.895030+00:00,7100000,90.0,230,65.6,188.0,7100000.0,88.36,50,88.36,0.0,0.0140781,2.085875,256,4096,1802,16687,197,0,105,82,218,2.36,1e-07,50.0,1.0,3.76,0.9869405286348408
2026-10-06T07:41:25.983611+00:00,7100000,90.0,230,65.6,188.0,7100000.0,88.36,50,88.36,0.0,0.0138203,2.087,256,4096,1769,16696,198,0,105,82,218,2.002,2e-07,50.0,2.0,3.76,0.9869405286348408
2026-10-06T07:41:34.161784+00:00,7100000,100.0,255,65.7,190.0,7100000.0,90.25,50,90.25,0.0,0.0138672,2.088375,256,4096,1775,16707,198,0,107,82,218,2.104,5e-08,50.0,0.5,3.8,0.97804032682013
2026-10-06T07:41:42.353849+00:00,7100000,100.0,255,65.8,188.0,7100000.0,88.36,50,88.36,0.0,0.0141016,2.08875,256,4096,1805,16710,198,0,106,82,218,2.054,1e-07,50.0,1.0,3.76,0.9899494936611666
2026-10-06T07:41:51.262343+00:00,7100000,100.0,255,65.7,188.0,7110000.0,88.36,50,88.36,0.0,0.0140469,2.0855,256,4096,1798,16684,197,0,106,82,218,2.808,2e-07,50.0,2.0,3.76,0.9884450111480038
