timestamp_utc,frequency_hz,rf_setting_pct,rf_power_raw,scope_rms_v,scope_vpp_v,scope_frequency_hz,reference_w,forward_v,reverse_v,forward_range_mv,reverse_range_mv,forward_raw,reverse_raw,po_raw,swr_raw,alc_raw,vd_raw,id_raw,capture_seconds
2026-10-03T06:22:38.919759+00:00,7031670,20.0,51,28.5,84.0,7030000.0,17.64,0.7967812,0.0089453,1024,256,25497,1145,65,0,88,110,84,2.388
2026-10-03T06:22:46.015827+00:00,7031670,30.0,76,35.2,102.0,7030000.0,26.01,1.0539375,0.0105313,2048,256,16863,1348,91,0,100,104,99,2.036
2026-10-03T06:22:53.286182+00:00,7031670,40.0,102,41.8,122.0,7020000.0,37.21,1.3049375,0.0121563,2048,256,20879,1556,116,0,105,100,114,2.21
2026-10-03T06:23:00.350045+00:00,7031670,50.0,128,48.6,140.0,7030000.0,49.0,1.5681875,0.0139219,2048,256,25091,1782,143,0,109,93,129,2.004
2026-10-03T06:23:07.584013+00:00,7031670,60.0,153,52.8,152.0,7030000.0,57.76,1.73325,0.0149531,4096,256,13866,1914,159,0,108,89,138,2.174
2026-10-03T06:23:14.688718+00:00,7031670,70.0,178,56.8,164.0,7030000.0,67.24,1.886125,0.0160469,4096,256,15089,2054,174,0,106,86,147,2.044
2026-10-03T06:23:21.906629+00:00,7031670,80.0,204,60.3,174.0,7030000.0,75.69,2.02625,0.0170078,4096,256,16210,2177,187,0,105,82,155,2.158
2026-10-03T06:23:29.025115+00:00,7031670,90.0,230,63.7,184.0,7040000.0,84.64,2.1535,0.0180703,4096,256,17228,2313,199,0,103,79,162,2.058
2026-10-03T06:23:36.237186+00:00,7031670,100.0,255,66.9,192.0,7030000.0,92.16,2.277875,0.0190781,4096,256,18223,2442,211,0,99,77,170,2.152
