frequency_hz,rf_setting_pct,rf_power_raw,without_v,with_v,difference_v,difference_pct,without_net_v,with_net_v,net_difference_pct,without_std_v,with_std_v
7100000,1,3,0.010028666666666667,0.010638,0.0006093333333333333,6.0759157083028645,0.009968766666666667,0.010531233333333332,5.642289417279961,1.9682564196092544e-05,6.314562534332856e-05
7100000,2,5,0.018539066666666666,0.019601566666666667,0.001062500000000001,5.731140726250158,0.018479166666666665,0.0194948,5.496099210823009,2.0693557773697316e-05,1.5650026624046244e-05
7100000,3,8,0.037333366666666666,0.0391719,0.0018385333333333365,4.924638460144241,0.037273466666666664,0.039065133333333335,4.806815214397384,3.853392444760064e-05,7.79999999999878e-06
7100000,4,10,0.054210966666666666,0.056653666666666665,0.002442699999999999,4.505914854866387,0.054151066666666664,0.0565469,4.42435113620415,6.103518111166027e-05,4.77133454426865e-05
7100000,5,13,0.08292446666666667,0.0856745,0.002750033333333332,3.316311149021558,0.08286456666666667,0.08556773333333334,3.2621502475726536,9.385948717808276e-05,1.962956953170318e-05
7100000,6,15,0.10513020000000001,0.10790363333333333,0.002773433333333325,2.6380938429997514,0.1050703,0.10779686666666667,2.5949927492989606,2.5073491978581e-05,0.00010074930934420466
7100000,7,18,0.13920313333333334,0.1421771,0.002973966666666661,2.136422216549719,0.13914323333333334,0.14207033333333333,2.1036596102289713,0.00015369568417275824,0.00014521222400336016
7100000,8,20,0.1632292,0.16654946666666667,0.0033202666666666825,2.034113177462539,0.1631693,0.1664427,2.00613718389428,7.423415655882056e-05,8.571524562954806e-05
7100000,9,23,0.20058593333333333,0.20422916666666666,0.003643233333333329,1.8162955262067209,0.20052603333333333,0.20412239999999998,1.7934662182682461,0.00017897140367481552,0.0001572882174014695
7100000,10,26,0.23745833333333333,0.24085416666666667,0.003395833333333348,1.4300754518336611,0.23739843333333333,0.2407474,1.4106945103400745,0.00027348755608498523,0.000141802479997112
7100000,11,28,0.24449479999999998,0.24780206666666665,0.0033072666666666695,1.3526940722938359,0.24443489999999998,0.24769529999999998,1.3338520808607923,0.00020155418626264767,0.00017208737121976407
7100000,12,31,0.2533802,0.25661459999999997,0.0032343999999999706,1.2765006894776982,0.2533203,0.2565078333333333,1.2583015784101494,0.00022335480742530589,0.00017284122772070638
7100000,13,33,0.26182293333333334,0.26497916666666665,0.0031562333333333137,1.2054839097364454,0.26176303333333334,0.2648724,1.1878555298933864,0.00020390236225540745,0.0001756465010563407
7100000,14,36,0.2722448,0.2754948333333333,0.003250033333333291,1.1937907843724804,0.2721849,0.27538806666666665,1.176834815842703,0.0002848462216705813,0.0004308589715131128
7100000,15,38,0.2765781333333333,0.27952083333333333,0.0029427000000000203,1.0639669754562497,0.2765182333333333,0.2794140666666667,1.0472486021717586,0.00016904488555805094,0.000231963711242363
7100000,16,41,0.28967186666666667,0.29227603333333335,0.002604166666666685,0.8990057255589031,0.28961196666666666,0.2921692666666667,0.8830090929714254,0.00023020626258494828,0.00035301547180447665
7100000,17,43,0.29332813333333335,0.2962448,0.002916666666666623,0.9943358086802299,0.29326823333333335,0.29613803333333333,0.9785580822652952,0.00026697670934621896,0.00022335480742532985
7100000,18,46,0.30073436666666664,0.30295313333333335,0.002218766666666705,0.7377828783785065,0.30067446666666664,0.3028463666666667,0.7223426798018965,0.0002581567805294572,0.00023590583573394332
7100000,19,48,0.3099010333333333,0.3120520666666667,0.0021510333333333853,0.6941033110463067,0.3098411333333333,0.31194530000000004,0.6791114672315104,0.00025403386257216444,0.00028992792782573583
7100000,20,51,0.316776,0.3185364666666667,0.0017604666666666824,0.5557449638440672,0.3167161,0.31842970000000004,0.5410523809809598,0.0005097547155250266,0.00037184663953479806
7100000,21,54,0.3252604333333333,0.3267656,0.0015051666666666685,0.4627573822125927,0.3252005333333333,0.32665883333333334,0.4484309988831579,0.0004075407382499624,0.0003120678291654098
7100000,22,56,0.3311406,0.3330625,0.0019218999999999764,0.580387907734653,0.3310807,0.33295573333333334,0.5663372505051883,0.00030499936065505885,0.00035799736032546785
7100000,23,59,0.3388177333333333,0.3415625333333333,0.0027447999999999917,0.8101110803724142,0.3387578333333333,0.34145576666666666,0.7964194677909087,0.00029908475944675827,0.00030417216068098286
7100000,24,61,0.3450312333333333,0.3475573,0.0025260666666667153,0.7321269562359569,0.3449713333333333,0.34745053333333337,0.7186684110950486,0.0005236250598790536,0.0003550350264410624
7100000,25,64,0.3520625,0.3549791666666667,0.0029166666666666785,0.8284513876560777,0.3520026,0.35487240000000003,0.8152780689688183,0.0003205847937753712,0.0005568845870854592
7100000,26,66,0.354875,0.35783333333333334,0.0029583333333333406,0.8336268639192225,0.3548151,0.3577265666666667,0.8205588394255756,0.00041603739014660585,0.0004635605821608933
7100000,27,69,0.36546873333333335,0.36782813333333336,0.0023594000000000115,0.6455819020359457,0.36540883333333335,0.3677213666666667,0.6328619131174168,0.0003539349139789954,0.00045041170425879907
7100000,28,71,0.36791666666666667,0.3705989333333333,0.002682266666666655,0.7290419026047533,0.36785676666666667,0.3704921666666667,0.7164201501254637,0.00045747324876253094,0.000381519545152462
7100000,29,74,0.3733958333333333,0.37592186666666666,0.002526033333333344,0.6765028176086622,0.3733359333333333,0.3758151,0.6640578753112342,0.00045753472363670823,0.0003634572510396796
7100000,30,76,0.3800521,0.3820885666666667,0.002036466666666681,0.5358388143801023,0.3799922,0.38198180000000004,0.5235896947358487,0.00045935402469121064,0.0004434124302873578
7100000,31,79,0.38647396666666667,0.38785416666666667,0.001380199999999998,0.3571262540409142,0.38641406666666667,0.3877474,0.34505300100359176,0.0006469166664519639,0.0005480891290048737
7100000,32,82,0.39214583333333336,0.3948854333333333,0.002739599999999953,0.6986176486213554,0.39208593333333336,0.39477866666666667,0.6867712163098875,0.0004946922713499101,0.0007255657815341918
7100000,33,84,0.3969739666666667,0.3996094,0.0026354333333333257,0.663880645741755,0.3969140666666667,0.39950263333333336,0.6521730732311362,0.0004398175227674991,0.000543276734270862
7100000,34,87,0.4022343666666667,0.40461453333333336,0.002380166666666683,0.5917362771339569,0.4021744666666667,0.4045077666666667,0.580171093241964,0.0008593500004848713,0.0005315562842572224
7100000,35,89,0.40560416666666665,0.40801563333333335,0.002411466666666695,0.5945369561867655,0.40554426666666665,0.4079088666666667,0.5830682848596677,0.0004635605821608933,0.0007744642815090601
7100000,36,92,0.41315626666666666,0.41510413333333335,0.0019478666666666866,0.47146003191044905,0.41309636666666666,0.4149973666666667,0.4601831808252106,0.0005651009319876639,0.0005157291569548302
7100000,37,94,0.4162396,0.4179375,0.00169790000000003,0.40791409563146563,0.4161797,0.41783073333333337,0.39671164483356225,0.000500324374781002,0.0006147903626440298
7100000,38,97,0.42110416666666667,0.4228958333333333,0.0017916666666666359,0.42546875773016635,0.42104426666666667,0.42278906666666666,0.41439823271155435,0.0008617137130934516,0.000629152869605911
7100000,39,99,0.42695833333333333,0.4285312333333333,0.0015728999999999882,0.36839660388406087,0.4268984333333333,0.42842446666666667,0.35746988374206023,0.0005469751121699425,0.0005838249423699962
7100000,40,102,0.43183336666666666,0.43309376666666666,0.0012603999999999949,0.2918718416154491,0.43177346666666666,0.432987,0.2810578757194011,0.0005157291569548302,0.0006411720231992014
7100000,41,105,0.4356874666666667,0.43845836666666665,0.002770899999999965,0.6359834082902159,0.4356275666666667,0.4383516,0.6253124324011604,0.0006412207602170444,0.0007845550097560684
7100000,42,107,0.44043746666666667,0.4429583,0.002520833333333361,0.5723476143870354,0.44037756666666666,0.4428515333333334,0.5617830820477117,0.0005650954019750348,0.00067919031206283
7100000,43,110,0.4449166666666667,0.4476562666666667,0.0027396000000000087,0.6157557595055273,0.4448567666666667,0.44754950000000004,0.6053034448616226,0.0005487604425733704,0.000808255258772473
7100000,44,112,0.44935413333333335,0.4518854333333333,0.0025312999999999586,0.5633196208127959,0.44929423333333335,0.45177866666666666,0.5529635479407771,0.0006572397304890586,0.0006070214191717985
7100000,45,115,0.4537812333333333,0.45592706666666666,0.002145833333333347,0.47287837744428834,0.4537213333333333,0.4558203,0.4626114119973865,0.0009535337242768643,0.000598123367988022
7100000,46,117,0.4560104,0.45835413333333336,0.0023437333333333754,0.5139648861809677,0.4559505,0.4582473666666667,0.5037535141790019,0.0007196566750888827,0.001000163268338392
7100000,47,120,0.4636770666666667,0.46485413333333336,0.0011770666666666707,0.2538548380510812,0.4636171666666667,0.4647473666666667,0.24377872116470212,0.0009064801450298461,0.0005815402508282052
7100000,48,122,0.4650103666666667,0.4665937333333333,0.0015833666666666413,0.3405013694676716,0.4649504666666667,0.46648696666666667,0.3304653097813852,0.000691277500959884,0.0007388261387723923
7100000,49,125,0.4691458,0.47097916666666667,0.0018333666666666693,0.3907882510440612,0.4690859,0.4708724,0.3808470900532342,0.0007045961467393786,0.0005947955727250633
7100000,50,128,0.47622916666666665,0.4770625333333333,0.0008333666666666684,0.17499278183647615,0.47616926666666665,0.47695576666666667,0.16517235677677575,0.0006173840160980368,0.0008106874017359261
7100000,51,130,0.4775416333333333,0.4800625,0.002520866666666677,0.5278841656319132,0.4774817333333333,0.47995573333333336,0.5181350043966845,0.0007059313446315788,0.0005962120008855952
7100000,52,133,0.4800833666666667,0.48128126666666665,0.001197899999999974,0.24951916337307817,0.4800234666666667,0.4811745,0.23978688819657612,0.0006820110434101029,0.0008009769430722461
7100000,53,135,0.4812396,0.48402083333333334,0.002781233333333355,0.5779311040349454,0.4811797,0.4839140666666667,0.5682630972725388,0.0005799079495920016,0.0006260408000548728
7100000,54,138,0.4849271,0.4871354333333333,0.002208333333333312,0.4553949105614663,0.4848672,0.48702866666666667,0.44578529268770234,0.00109612646624375,0.001077665302092155
7100000,55,140,0.487,0.48890626666666664,0.0019062666666666561,0.39143052703627434,0.4869401,0.4887995,0.38185394877111395,0.0006853819664975198,0.0008010237595310862
7100000,56,143,0.49031250000000004,0.4925208,0.002208299999999941,0.4503862332695864,0.49025260000000004,0.49241403333333333,0.44088156459206856,0.0008196798155377445,0.0008468283356147281
7100000,57,145,0.4920312666666667,0.4945729,0.002541633333333293,0.5165593135070331,0.4919713666666667,0.49446613333333334,0.5070959075463771,0.0007467648983002127,0.0012192849256838932
7100000,58,148,0.4943229333333333,0.4965833333333333,0.0022603999999999957,0.45727192642218684,0.4942630333333333,0.4964765666666667,0.4478452127817808,0.0011879972657095426,0.000750166996963564
7100000,59,150,0.49617706666666667,0.4977604333333333,0.0015833666666666413,0.31911323054564955,0.49611716666666666,0.49765366666666666,0.30970506630994016,0.0007657033128655648,0.0007534586938468062
7100000,60,153,0.4996562666666667,0.5015833333333334,0.0019270666666666991,0.3856784744285603,0.4995963666666667,0.5014765666666667,0.37634380981287907,0.000808255258772473,0.0007410679950809926
7100000,61,156,0.5013125,0.5039062666666666,0.0025937666666665526,0.5173951710094108,0.5012526,0.5037995,0.5081070901178183,0.0007348968907268232,0.0012511700777006328
7100000,62,158,0.5049375,0.5073125,0.002375000000000016,0.47035524198539735,0.5048776,0.5072057333333334,0.461128268184877,0.0012346956872039598,0.0007577722283114125
7100000,63,161,0.5066979,0.5091041666666667,0.0024062666666666566,0.47489177805289035,0.506638,0.5089974,0.465697401300339,0.0007554093128893457,0.0008322910148099102
7100000,64,163,0.5079062333333333,0.5104167,0.0025104666666666553,0.49427758548871037,0.5078463333333333,0.5103099333333333,0.4851073717180874,0.0009008234085175981,0.0007820842218073542
7100000,65,166,0.5110937666666666,0.5141979333333333,0.0031041666666666856,0.6073575670687471,0.5110338666666666,0.5140911666666667,0.598257806266729,0.0009105775987434708,0.0012968814762086898
7100000,66,168,0.5126979,0.51575,0.003052100000000002,0.5953018336919269,0.512638,0.5156432333333334,0.5862291389505571,0.0008961128444565091,0.0007660766541280084
7100000,67,171,0.5168854333333334,0.5185833333333333,0.001697899999999919,0.3284867188170426,0.5168255333333334,0.5184765666666666,0.31945661095432343,0.0012938949197416995,0.0008151153435761931
7100000,68,173,0.5190625,0.5197708,0.000708299999999995,0.1364575556893428,0.5190026,0.5196640333333333,0.12744316374009496,0.0008196798155377445,0.0007969508956015245
7100000,69,176,0.5201875333333333,0.5220625,0.0018749666666666442,0.3604405231805461,0.5201276333333333,0.5219557333333333,0.35147142409725185,0.0008632252390502435,0.0013909141562296284
7100000,70,178,0.5228854333333334,0.5236562,0.0007707666666666446,0.1474064140117841,0.5228255333333334,0.5235494333333334,0.1384591902741806,0.0007502385042993757,0.0009078649403959229
7100000,71,181,0.5252083,0.5265104333333334,0.0013021333333333995,0.2479270288252108,0.5251484,0.5264036666666667,0.23903084664577756,0.0009408005792940381,0.0006602189510558324
7100000,72,184,0.526625,0.5276979333333334,0.001072933333333359,0.2037376374713238,0.5265651,0.5275911666666667,0.19486036326120246,0.00033803430299307515,0.0012923531109311534
7100000,73,186,0.5281875,0.5316771,0.0034895999999999816,0.6606744763933227,0.5281276,0.5315703333333334,0.6518752917539883,0.0009822646028438812,0.0007243819227451612
7100000,74,189,0.5293958333333333,0.5316875,0.002291666666666692,0.4328833969540798,0.5293359333333333,0.5315807333333333,0.4240785215286815,0.0009962808456119754,0.00037883662705713545
7100000,75,191,0.5305312666666667,0.5321666333333334,0.0016353666666666378,0.30825076096676884,0.5304713666666667,0.5320598666666667,0.2994506583798634,0.0006980922670630828,0.0008840717240887509
7100000,76,194,0.5324375333333333,0.5346771,0.0022395666666666925,0.42062524267322987,0.5323776333333333,0.5345703333333334,0.4118692940330853,0.0008391299442478421,0.0008928847798008894
7100000,77,196,0.5334270666666666,0.5349999999999999,0.001572933333333304,0.29487317603930563,0.5333671666666666,0.5348932333333333,0.28611934930377714,0.0007745815407904816,0.00036846599571738826
7100000,78,199,0.5359166666666667,0.5377082999999999,0.001791633333333209,0.33431192660548137,0.5358567666666667,0.5376015333333333,0.3256031789091707,0.0008757437315410027,0.0009893903324775279
7100000,79,201,0.5372395666666666,0.5405833333333333,0.003343766666666692,0.6223976925998362,0.5371796666666666,0.5404765666666667,0.6137425156946337,0.0009794394127934875,0.001193346355143139
7100000,80,204,0.5390521,0.5412916333333333,0.0022395333333332657,0.4154576771583425,0.5389922,0.5411848666666667,0.4068086081146667,0.0009654109125133822,0.001020484719794119
7100000,81,207,0.5410104333333333,0.5432187333333334,0.002208300000000052,0.40818066786513335,0.5409505333333333,0.5431119666666667,0.39956210413818616,0.00035533435428241673,0.001382430491320774
7100000,82,209,0.5413854666666666,0.5438958,0.002510333333333392,0.46368687153528915,0.5413255666666666,0.5437890333333334,0.45508042079669253,0.0009381941874331766,0.0009794479210248638
7100000,83,212,0.5428541666666666,0.5457708333333333,0.0029166666666666785,0.5372836473884199,0.5427942666666666,0.5456640666666667,0.5287086058634433,0.0009654017419361041,0.0013779243532696
7100000,84,214,0.5443333333333333,0.5475833333333333,0.003249999999999975,0.5970606246172643,0.5442734333333333,0.5474765666666667,0.5885154661538683,0.0010389548033159566,0.0006891892144638898
7100000,85,217,0.5472291666666667,0.5478333333333334,0.0006041666666667389,0.11040469029582163,0.5471692666666667,0.5477265666666667,0.10185148069356,0.0008729192536159269,0.0009293347208262963
7100000,86,219,0.5476979,0.5487604,0.0010625000000000773,0.19399380570932942,0.547638,0.5486536333333334,0.18545705983394728,0.0009913592840136186,0.0004963927175130477
7100000,87,222,0.5501771,0.5518854333333333,0.0017083333333333117,0.3105060776490537,0.5501172,0.5517786666666666,0.30202049066392883,0.00095108791917468,0.0013641205970636803
7100000,88,224,0.5515833333333333,0.5526458333333333,0.0010624999999999662,0.19262728508837582,0.5515234333333333,0.5525390666666666,0.18415053140987503,0.00160274390447548,0.0009794293100236489
7100000,89,227,0.5551979333333333,0.5544687333333334,-0.0007291999999999854,-0.13134054653661392,0.5551380333333333,0.5543619666666667,-0.13979706308478423,0.0007808058742948114,0.0006959615674254297
7100000,90,230,0.5547291666666667,0.5547812666666667,5.209999999999937e-05,0.009391970556202237,0.5546692666666667,0.5546745000000001,0.0009435051927078037,0.0009381941874331224,0.0010556107537029206
7100000,91,232,0.5557395666666667,0.5545208333333334,-0.0012187333333333328,-0.21929936366476685,0.5556796666666667,0.5544140666666667,-0.22775711905959808,0.0008617179430261726,0.0005798603481298731
7100000,92,235,0.5561562333333333,0.5544479,-0.0017083333333333117,-0.30716788394052197,0.5560963333333333,0.5543411333333333,-0.3156287669582351,0.0008191048854288002,0.000648242416075953
7100000,93,237,0.557375,0.5547083666666667,-0.0026666333333332792,-0.4784271510802026,0.5573151,0.5546016,-0.48688793825968907,0.0006547936239762463,0.000625261196087992
7100000,94,240,0.5565729333333334,0.5547604333333334,-0.0018124999999999947,-0.32565363700761973,0.5565130333333334,0.5546536666666667,-0.3341101744786881,0.0006719107554827301,0.0011155330848223839
7100000,95,242,0.5561458333333333,0.5550833333333334,-0.0010624999999999662,-0.19104701254916043,0.5560859333333333,0.5549765666666667,-0.19949554559252378,0.0006330091020936012,0.0006260408000548489
7100000,96,245,0.5573124666666667,0.5555312333333333,-0.001781233333333354,-0.31961124860297174,0.5572525666666667,0.5554244666666667,-0.3280559138444523,0.0010812037566219146,0.0009936053358015327
7100000,97,247,0.5574375,0.5549583333333333,-0.002479166666666699,-0.44474343162537483,0.5573776,0.5548515666666667,-0.453199650171328,0.0006249999999999867,0.0005671107328673067
7100000,98,250,0.5566145666666666,0.5545104,-0.0021041666666666847,-0.3780293928108394,0.5565546666666666,0.5544036333333333,-0.3864909347030295,0.0006437063098442679,0.0006422368955455238
7100000,99,252,0.5568125,0.5540937666666667,-0.0027187333333333896,-0.4882672952445194,0.5567526,0.553987,-0.49673768923576367,0.0007467209585916226,0.0005962172450821416
7100000,100,255,0.557125,0.5548229333333333,-0.002302066666666658,-0.41320469673173127,0.5570651,0.5547161666666667,-0.42166226771939275,0.000757772228311353,0.0006512979835169815
