rf_setting_pct,sample_count,adc_voltage_v,reference_w
1.0,3,0.0107422,1.3149333333333335
2.0,3,0.019833333333333335,1.7423999999999997
3.0,3,0.0369479,2.392266666666667
4.0,3,0.05333073333333333,2.9128
5.0,3,0.08186456666666667,3.9204000000000003
10.0,3,0.23679166666666668,11.200533333333334
15.0,3,0.27599476666666667,14.137600000000003
20.0,3,0.3164166666666667,18.2048
30.0,3,0.38068226666666666,28.446666666666665
40.0,3,0.4315,39.27333333333333
50.0,3,0.4758229,52.806666666666665
60.0,3,0.5004687666666666,61.88666666666666
70.0,3,0.5221771,72.25
80.0,3,0.5396458333333334,81.0
90+100,6,0.5527083333333334,88.36333333333333
