adc_voltage_v,a0_master_w
0.0196875,1.4943
0.019713566666666668,1.4943
0.0394948,2.1047
0.05696093333333333,2.5869
0.08654946666666667,3.726366666666667
0.24301563333333331,10.410466666666666
0.28175,12.822733333333332
0.3216979,16.678633333333334
0.3851875,25.1425
0.43604166666666666,35.7654
0.47960416666666666,47.2225
0.5028229333333334,55.46693333333334
0.5253541666666667,65.05926666666666
0.543625,74.07436666666666
0.5585208166666666,83.34616666666668
0.5600625,83.34616666666668
