timestamp_utc,probe,notes,frequency_hz,rf_setting_pct,rf_power_raw,sample_count,forward_mean_v,forward_std_v,forward_min_v,forward_max_v,forward_zero_v,forward_net_v,forward_raw_samples,forward_range_mv_samples,reverse_mean_v,po_raw,swr_raw,alc_raw,vd_raw,id_raw,capture_seconds
2026-10-06T15:43:48.277701+00:00,without,,7100000,0,238,3,8.853333333333333e-05,4.561067126598045e-06,8.59e-05,9.38e-05,8.853333333333333e-05,0,"[12, 11, 11]","[256, 256, 256]",0.0001328,,,,,,
2026-10-06T15:43:50.569215+00:00,without,,7100000,1.0,3,3,0.009882833333333334,3.403385569302039e-05,0.0098438,0.0099063,8.853333333333333e-05,0.0097943,"[1268, 1260, 1267]","[256, 256, 256]",0.000112,3,0,105,128,104,2.252
2026-10-06T15:43:57.713079+00:00,without,,7100000,2.0,5,3,0.018161466666666667,1.8071063425636132e-05,0.0181406,0.0181719,8.853333333333333e-05,0.018072933333333333,"[2322, 2326, 2326]","[256, 256, 256]",0.0001224,4,0,101,127,106,2.104
2026-10-06T15:44:05.085296+00:00,without,,7100000,3.0,8,3,0.036635433333333335,2.387306711198618e-05,0.0366094,0.0366563,8.853333333333333e-05,0.0365469,"[4686, 4692, 4690]","[256, 256, 256]",0.00010156666666666666,7,0,95,126,110,2.332
2026-10-06T15:44:12.549873+00:00,without,,7100000,4.0,10,3,0.05319273333333333,5.865878734966615e-05,0.053125,0.0532266,8.853333333333333e-05,0.0531042,"[6800, 6813, 6813]","[256, 256, 256]",6.773333333333333e-05,11,0,92,125,111,2.425
2026-10-06T15:44:19.639837+00:00,without,,7100000,5.0,13,3,0.08148693333333333,7.002580476748026e-05,0.0814062,0.0815312,8.853333333333333e-05,0.0813984,"[10420, 10436, 10435]","[256, 256, 256]",8.336666666666667e-05,16,0,88,123,115,2.051
2026-10-06T15:44:26.841460+00:00,without,,7100000,10.0,26,3,0.23581246666666666,0.00020494282942648426,0.2355937,0.236,8.853333333333333e-05,0.23572393333333333,"[15078, 15094, 15104]","[512, 512, 512]",9.116666666666667e-05,44,0,87,116,133,2.162
2026-10-06T15:44:34.692363+00:00,without,,7100000,15.0,38,3,0.2749010333333333,0.0004243027378338909,0.2744531,0.2752969,8.853333333333333e-05,0.2748125,"[17565, 17597, 17619]","[512, 512, 512]",0.000125,54,0,91,114,139,2.811
2026-10-06T15:44:41.742478+00:00,without,,7100000,20.0,51,3,0.31471873333333333,0.0003383432773579695,0.3143594,0.3150312,8.853333333333333e-05,0.3146302,"[20119, 20145, 20162]","[512, 512, 512]",8.073333333333334e-05,66,0,94,112,146,2.01
2026-10-06T15:44:48.992506+00:00,without,,7100000,30.0,76,3,0.37909893333333333,0.0005206262510989407,0.378625,0.3796562,8.853333333333333e-05,0.3790104,"[24232, 24257, 24298]","[512, 512, 512]",8.593333333333334e-05,92,0,104,105,161,2.21
2026-10-06T15:44:56.817014+00:00,without,,7100000,40.0,102,3,0.4304375,0.001031299999999985,0.4294062,0.4314688,8.853333333333333e-05,0.43034896666666667,"[13741, 13774, 13807]","[1024, 1024, 1024]",0.0001094,117,0,109,100,175,2.785
2026-10-06T15:45:04.121016+00:00,without,,7100000,50.0,128,3,0.47465623333333334,0.0007348479865477793,0.4739375,0.4754062,8.853333333333333e-05,0.47456770000000004,"[15166, 15188, 15213]","[1024, 1024, 1024]",5.7300000000000004e-05,143,0,112,95,188,2.265
2026-10-06T15:45:11.234827+00:00,without,,7100000,60.0,153,3,0.4987603666666667,0.0008531498012268086,0.4978437,0.4995312,8.853333333333333e-05,0.49867183333333337,"[15931, 15965, 15985]","[1024, 1024, 1024]",0.00012763333333333334,159,0,110,91,197,2.074
2026-10-06T15:45:18.471481+00:00,without,,7100000,70.0,178,3,0.5210833,0.000891792145065198,0.5202187,0.522,8.853333333333333e-05,0.5209947666666667,"[16647, 16673, 16704]","[1024, 1024, 1024]",5.986666666666667e-05,175,0,108,89,204,2.196
2026-10-06T15:45:26.249751+00:00,without,,7100000,80.0,204,3,0.5403229333333333,0.001578175865780913,0.53875,0.5419063,8.853333333333333e-05,0.5402343999999999,"[17240, 17290, 17341]","[1024, 1024, 1024]",8.336666666666667e-05,190,0,105,86,212,2.739
2026-10-06T15:45:33.989757+00:00,without,,7100000,90.0,230,3,0.5562604333333334,0.0008421781660274306,0.5553438,0.557,8.853333333333333e-05,0.5561719,"[17771, 17806, 17824]","[1024, 1024, 1024]",6.77e-05,202,0,103,82,217,2.7
2026-10-06T15:45:41.809863+00:00,without,,7100000,100.0,255,3,0.5571666666666667,0.0011797995945639571,0.555875,0.5581875,8.853333333333333e-05,0.5570781333333333,"[17788, 17838, 17862]","[1024, 1024, 1024]",5.986666666666667e-05,203,0,105,82,218,2.78
